Datetime,Water Level (m)
2026-09-15 00:00:00,-0.78272533
2026-09-15 01:00:00,-0.6040727
2026-09-15 02:00:00,-0.18662873
2026-09-15 03:00:00,0.4777127
2026-09-15 04:00:00,1.0305607
2026-09-15 05:00:00,1.3018259
2026-09-15 06:00:00,1.3439023
2026-09-15 07:00:00,1.1284344
2026-09-15 08:00:00,0.6506641
2026-09-15 09:00:00,0.08287058
2026-09-15 10:00:00,-0.40528777
2026-09-15 11:00:00,-0.69331366
2026-09-15 12:00:00,-0.7726845
2026-09-15 13:00:00,-0.62621236
2026-09-15 14:00:00,-0.22976522
2026-09-15 15:00:00,0.3708252
2026-09-15 16:00:00,0.9458969
2026-09-15 17:00:00,1.3027176
2026-09-15 18:00:00,1.4134096
2026-09-15 19:00:00,1.281536
2026-09-15 20:00:00,0.90963125
2026-09-15 21:00:00,0.4080393
2026-09-15 22:00:00,-0.06468738
2026-09-15 23:00:00,-0.41358382
2026-09-16 00:00:00,-0.55323744
2026-09-16 01:00:00,-0.50947773
2026-09-16 02:00:00,-0.2670036
2026-09-16 03:00:00,0.19423191
2026-09-16 04:00:00,0.6999867
2026-09-16 05:00:00,1.0441508
2026-09-16 06:00:00,1.1764038
2026-09-16 07:00:00,1.0830121
2026-09-16 08:00:00,0.7703466
2026-09-16 09:00:00,0.31890398
2026-09-16 10:00:00,-0.13076797
2026-09-16 11:00:00,-0.46192294
2026-09-16 12:00:00,-0.6087953
2026-09-16 13:00:00,-0.58012307
2026-09-16 14:00:00,-0.34700906
2026-09-16 15:00:00,0.08532045
2026-09-16 16:00:00,0.60060924
2026-09-16 17:00:00,1.0070423
2026-09-16 18:00:00,1.2088327
2026-09-16 19:00:00,1.2045376
2026-09-16 20:00:00,0.9976778
2026-09-16 21:00:00,0.6352776
2026-09-16 22:00:00,0.23424184
2026-09-16 23:00:00,-0.10745239
2026-09-17 00:00:00,-0.30715778
2026-09-17 01:00:00,-0.36468467
2026-09-17 02:00:00,-0.26357216
2026-09-17 03:00:00,0.024253558
2026-09-17 04:00:00,0.41554007
2026-09-17 05:00:00,0.7526765
2026-09-17 06:00:00,0.94560814
2026-09-17 07:00:00,0.9649484
2026-09-17 08:00:00,0.7980438
2026-09-17 09:00:00,0.48416546
2026-09-17 10:00:00,0.13479804
2026-09-17 11:00:00,-0.17166555
2026-09-17 12:00:00,-0.35589692
2026-09-17 13:00:00,-0.39317864
2026-09-17 14:00:00,-0.28453332
2026-09-17 15:00:00,-0.027409248
2026-09-17 16:00:00,0.34179494
2026-09-17 17:00:00,0.6991105
2026-09-17 18:00:00,0.93415207
2026-09-17 19:00:00,1.032712
2026-09-17 20:00:00,0.9742163
2026-09-17 21:00:00,0.78634197
2026-09-17 22:00:00,0.5150479
2026-09-17 23:00:00,0.2186676
2026-09-18 00:00:00,-0.01161529
2026-09-18 01:00:00,-0.1296717
2026-09-18 02:00:00,-0.14417459
2026-09-18 03:00:00,-0.028467853
2026-09-18 04:00:00,0.2080483
2026-09-18 05:00:00,0.47194645
2026-09-18 06:00:00,0.6695432
2026-09-18 07:00:00,0.74607944
2026-09-18 08:00:00,0.7035406
2026-09-18 09:00:00,0.5435995
2026-09-18 10:00:00,0.31053665
2026-09-18 11:00:00,0.07055104
2026-09-18 12:00:00,-0.12981239
2026-09-18 13:00:00,-0.23061582
2026-09-18 14:00:00,-0.21870726
2026-09-18 15:00:00,-0.10932624
2026-09-18 16:00:00,0.11130972
2026-09-18 17:00:00,0.3928555
2026-09-18 18:00:00,0.6305372
2026-09-18 19:00:00,0.7901736
2026-09-18 20:00:00,0.8361188
2026-09-18 21:00:00,0.77844447
2026-09-18 22:00:00,0.6408915
2026-09-18 23:00:00,0.4508333
2026-09-19 00:00:00,0.2760297
2026-09-19 01:00:00,0.13603982
2026-09-19 02:00:00,0.060523573
2026-09-19 03:00:00,0.059438486
2026-09-19 04:00:00,0.12924474
2026-09-19 05:00:00,0.25206634
2026-09-19 06:00:00,0.39553383
2026-09-19 07:00:00,0.5066984
2026-09-19 08:00:00,0.5433174
2026-09-19 09:00:00,0.5220689
2026-09-19 10:00:00,0.44824678
2026-09-19 11:00:00,0.31946787
2026-09-19 12:00:00,0.16507223
2026-09-19 13:00:00,0.043604616
2026-09-19 14:00:00,-0.026763301
2026-09-19 15:00:00,-0.038785476
2026-09-19 16:00:00,0.02082996
2026-09-19 17:00:00,0.14357623
2026-09-19 18:00:00,0.31182244
2026-09-19 19:00:00,0.4731038
2026-09-19 20:00:00,0.6079632
2026-09-19 21:00:00,0.6826903
2026-09-19 22:00:00,0.6904911
2026-09-19 23:00:00,0.6493391
2026-09-20 00:00:00,0.5598751
2026-09-20 01:00:00,0.42709348
2026-09-20 02:00:00,0.28633678
2026-09-20 03:00:00,0.17950636
2026-09-20 04:00:00,0.10917362
2026-09-20 05:00:00,0.07659202
2026-09-20 06:00:00,0.10787041
2026-09-20 07:00:00,0.19139798
2026-09-20 08:00:00,0.28410855
2026-09-20 09:00:00,0.36936542
2026-09-20 10:00:00,0.44400463
2026-09-20 11:00:00,0.4644965
2026-09-20 12:00:00,0.42618108
2026-09-20 13:00:00,0.3470839
2026-09-20 14:00:00,0.23121561
2026-09-20 15:00:00,0.117055595
2026-09-20 16:00:00,0.017933477
2026-09-20 17:00:00,-0.018239237
2026-09-20 18:00:00,0.0102622025
2026-09-20 19:00:00,0.110611
2026-09-20 20:00:00,0.28414473
2026-09-20 21:00:00,0.48614338
2026-09-20 22:00:00,0.6490205
2026-09-20 23:00:00,0.7703091
2026-09-21 00:00:00,0.80964905
